"accountId";"2100000000"
"bankId";"2010"
"currency";"CZK"
"iban";"CZ6520100000002100000000"
"openingBalance";"12500,00"
"closingBalance";"9954,60"
"dateStart";"01.09.2026"
"dateEnd";"22.09.2026"

"ID operace";"Datum";"Objem";"Měna";"Protiúčet";"Název protiúčtu";"Kód banky";"Název banky";"KS";"VS";"SS";"Poznámka";"Zpráva pro příjemce";"Typ";"Provedl";"Upřesnění";"Komentář";"BIC";"ID pokynu"
"26000001";"01.09.2026";"-349,50";"CZK";"";"";"";"";"";"";"";"Nákup: LIDL DEKUJE ZA NAKUP, Praha, CZ";"Nákup: LIDL DEKUJE ZA NAKUP, Praha";"Platba kartou";"Novák, Jan";"349,50 CZK";"";"";""
"26000002";"02.09.2026";"-1 290,00";"CZK";"";"";"";"";"";"";"";"Nákup: SHELL 2211, Brno";"Nákup: SHELL 2211, Brno";"Platba kartou";"Novák, Jan";"";"";"";""
"26000003";"05.09.2026";"-2 000,00";"CZK";"";"";"";"";"";"";"";"Výběr z bankomatu: KB, Praha";"Výběr z bankomatu: KB, Praha";"Výběr z bankomatu";"Novák, Jan";"";"";"";""
"26000004";"10.09.2026";"32 000,00";"CZK";"123456789";"FIRMA ABC s.r.o.";"0100";"Komerční banka";"";"202609";"";"Mzda 08/2026";"Mzda 08/2026";"Bezhotovostní příjem";"";"";"";"";""
"26000005";"12.09.2026";"-189,00";"CZK";"";"";"";"";"";"";"";"Nákup: WOLT PRAHA";"Nákup: WOLT PRAHA";"Platba kartou";"Novák, Jan";"";"";"";""
"26000006";"15.09.2026";"-415,80";"CZK";"";"";"";"";"";"";"";"Nákup: KAVARNA U LVA";"Nákup: KAVARNA U LVA";"Platba kartou";"Novák, Jan";"";"";"";""
"26000007";"18.09.2026";"-799,00";"CZK";"";"";"";"";"";"";"";"Nákup: PAPIRNICTVI PEPA";"Nákup: PAPIRNICTVI PEPA";"Platba kartou";"Novák, Jan";"";"";"";""
"26000008";"20.09.2026";"-512,10";"CZK";"";"";"";"";"";"";"";"Nákup: LIDL DEKUJE ZA NAKUP, Brno, CZ";"Nákup: LIDL DEKUJE ZA NAKUP, Brno";"Platba kartou";"Novák, Jan";"";"";"";""
